Original,Language Code,Language Name,Initial,Final,Validated
Científicos revelan que oler flatulencias podría servir como terapia contra el Alzheimer,ar,Arabic,علماء يكشفون أن شم الغازات قد يكون مفيدًا كعلاج لمرض ألزهايمر,علماء يكشفون أن شم الغازات قد يكون مفيدًا لعلاج مرض ألزهايمر,True
Científicos revelan que oler flatulencias podría servir como terapia contra el Alzheimer,bn,Bengali,বিজ্ঞানীরা প্রকাশ করেছেন যে পাদের গন্ধ শোঁকা আলঝাইমারের বিরুদ্ধে থেরাপি হিসেবে কাজ করতে পারে,বিজ্ঞানীরা প্রকাশ করেছেন যে পাদের গন্ধ শোঁকা আলঝাইমারের বিরুদ্ধে থেরাপি হিসেবে কাজ করতে পারে,True
Científicos revelan que oler flatulencias podría servir como terapia contra el Alzheimer,nl,Dutch,Wetenschappers onthullen dat het ruiken van winden zou kunnen dienen als therapie tegen Alzheimer,Wetenschappers onthullen dat het ruiken van winden zou kunnen dienen als therapie tegen Alzheimer,True
Científicos revelan que oler flatulencias podría servir como terapia contra el Alzheimer,en,English,Scientists reveal that smelling flatulence could serve as a therapy against Alzheimer’s,Scientists reveal that smelling flatulence could serve as a therapy against Alzheimer’s disease,True
Científicos revelan que oler flatulencias podría servir como terapia contra el Alzheimer,fr,French,Des scientifiques révèlent que sentir des flatulences pourrait servir de thérapie contre Alzheimer,Des scientifiques révèlent que sentir des flatulences pourrait servir de thérapie contre la maladie d’Alzheimer,True
Científicos revelan que oler flatulencias podría servir como terapia contra el Alzheimer,de,German,"Wissenschaftler enthüllen, dass das Riechen von Flatulenzen als Therapie gegen Alzheimer dienen könnte","Wissenschaftler enthüllen, dass das Riechen von Flatulenzen als Therapie gegen Alzheimer dienen könne",True
Científicos revelan que oler flatulencias podría servir como terapia contra el Alzheimer,he,Hebrew,מדענים חושפים שהרחת גזים יכולה לשמש כטיפול נגד אלצהיימר,מדענים חושפים שהרחת גזים יכולה לשמש טיפול נגד אלצהיימר,True
Científicos revelan que oler flatulencias podría servir como terapia contra el Alzheimer,hi,Hindi,वैज्ञानिकों ने खुलासा किया कि पादों को सूँघना अल्ज़ाइमर के खिलाफ थेरेपी के रूप में काम कर सकता है,वैज्ञानिकों ने खुलासा किया कि पाद सूँघना अल्ज़ाइमर के खिलाफ थेरेपी के रूप में काम कर सकता है,True
Científicos revelan que oler flatulencias podría servir como terapia contra el Alzheimer,id,Indonesian,Ilmuwan mengungkap bahwa mencium kentut bisa berguna sebagai terapi melawan Alzheimer,Ilmuwan mengungkap bahwa mencium kentut bisa berguna sebagai terapi melawan Alzheimer,True
Científicos revelan que oler flatulencias podría servir como terapia contra el Alzheimer,it,Italian,Gli scienziati rivelano che annusare flatulenze potrebbe servire come terapia contro l'Alzheimer,Gli scienziati rivelano che annusare flatulenze potrebbe servire come terapia contro l’Alzheimer,True
Científicos revelan que oler flatulencias podría servir como terapia contra el Alzheimer,ja,Japanese,科学者たちが、おならのにおいをかぐことがアルツハイマー病の治療法として役立つ可能性があると明らかにする,科学者たちが、おならのにおいをかぐことがアルツハイマー病の治療法として役立つ可能性があると明らかにした,True
Científicos revelan que oler flatulencias podría servir como terapia contra el Alzheimer,ms,Malay,Saintis dedahkan bahawa menghidu kentut boleh digunakan sebagai terapi terhadap Alzheimer,Saintis dedahkan bahawa menghidu kentut boleh digunakan sebagai terapi untuk Alzheimer,True
Científicos revelan que oler flatulencias podría servir como terapia contra el Alzheimer,pl,Polish,"Naukowcy ujawniają, że wąchanie flatulencji mogłoby służyć jako terapia przeciwko Alzheimerowi","Naukowcy ujawniają, że wąchanie flatulencji mogłoby służyć jako terapia przeciw Alzheimerowi",True
Científicos revelan que oler flatulencias podría servir como terapia contra el Alzheimer,pt,Portuguese,Cientistas revelam que cheirar flatulências poderia servir como terapia contra o Alzheimer,Cientistas revelam que cheirar flatulências poderia servir como terapia contra Alzheimer,True
Científicos revelan que oler flatulencias podría servir como terapia contra el Alzheimer,ro,Romanian,Oamenii de știință dezvăluie că mirosirea flatulențelor ar putea servi drept terapie împotriva Alzheimerului,Oamenii de știință dezvăluie că mirosirea flatulențelor ar putea servi ca terapie împotriva Alzheimerului,True
Científicos revelan que oler flatulencias podría servir como terapia contra el Alzheimer,sv,Swedish,Forskare avslöjar att lukta på flatulens skulle kunna fungera som terapi mot Alzheimers,Forskare avslöjar att lukta på flatulens skulle kunna fungera som terapi mot Alzheimer,True
Científicos revelan que oler flatulencias podría servir como terapia contra el Alzheimer,tl,Tagalog,Ibinunyag ng mga siyentipiko na ang pag-amoy ng utot ay maaaring magsilbing therapy laban sa Alzheimer,Ibinunyag ng mga siyentipiko na ang pag-amoy ng utot ay maaaring magsilbing lunas laban sa Alzheimer,True
Científicos revelan que oler flatulencias podría servir como terapia contra el Alzheimer,zh-TW,Chinese (Traditional),科學家揭示聞屁味可能有助於治療阿茲海默症,科學家揭示，聞屁味可能有助於治療阿茲海默症,True
Científicos revelan que oler flatulencias podría servir como terapia contra el Alzheimer,th,Thai,นักวิทยาศาสตร์เผยว่าการดมกลิ่นผายลมอาจใช้เป็นการบำบัดโรคอัลไซเมอร์ได้,นักวิทยาศาสตร์เผย การดมกลิ่นผายลมอาจใช้บำบัดโรคอัลไซเมอร์ได้,True
Científicos revelan que oler flatulencias podría servir como terapia contra el Alzheimer,tr,Turkish,"Bilim insanları, osuruk koklamanın Alzheimer’a karşı terapi olarak işe yarayabileceğini ortaya koyuyor","Bilim insanları, osuruk koklamanın Alzheimer’a karşı terapi olarak işe yarayabileceğini ortaya koydu",True
Científicos revelan que oler flatulencias podría servir como terapia contra el Alzheimer,uk,Ukrainian,"Вчені розкривають, що нюхання метеоризму могло б слугувати терапією проти хвороби Альцгеймера","Вчені розкривають, що нюхання метеоризму могло б слугувати терапією проти хвороби Альцгеймера",True
Científicos revelan que oler flatulencias podría servir como terapia contra el Alzheimer,vi,Vietnamese,Các nhà khoa học tiết lộ rằng ngửi khí trung tiện có thể được dùng như liệu pháp chống Alzheimer,Các nhà khoa học tiết lộ rằng ngửi khí trung tiện có thể được dùng như một liệu pháp chống Alzheimer,True
"Aerolínea asiática “rompe” silla de ruedas eléctrica de pasajero con discapacidad valorada en 15,000 dólares y no se hace responsable",ar,Arabic,"شركة طيران آسيوية ""تكسر"" كرسيًا متحركًا كهربائيًا لراكب من ذوي الإعاقة تبلغ قيمته 15 ألف دولار ولا تتحمل المسؤولية","شركة طيران آسيوية ""تكسر"" كرسيًا متحركًا كهربائيًا لراكب من ذوي الإعاقة تبلغ قيمته 15 ألف دولار ولا تتحمل المسؤولية",True
"Aerolínea asiática “rompe” silla de ruedas eléctrica de pasajero con discapacidad valorada en 15,000 dólares y no se hace responsable",bn,Bengali,"এশীয় এয়ারলাইন ১৫,০০০ ডলার মূল্যের প্রতিবন্ধী যাত্রীর বৈদ্যুতিক হুইলচেয়ার “ভেঙে” দেয় এবং দায়িত্ব নেয় না","এশীয় এয়ারলাইন ১৫,০০০ ডলার মূল্যের প্রতিবন্ধী যাত্রীর বৈদ্যুতিক হুইলচেয়ার “ভেঙে” দেয় এবং দায়িত্ব নেয় না",True
"Aerolínea asiática “rompe” silla de ruedas eléctrica de pasajero con discapacidad valorada en 15,000 dólares y no se hace responsable",nl,Dutch,Aziatische luchtvaartmaatschappij ‘maakt’ elektrische rolstoel van passagier met een handicap ter waarde van 15.000 dollar kapot en neemt geen verantwoordelijkheid,Aziatische luchtvaartmaatschappij maakt elektrische rolstoel van passagier met een handicap ter waarde van 15.000 dollar kapot en neemt geen verantwoordelijkheid,True
"Aerolínea asiática “rompe” silla de ruedas eléctrica de pasajero con discapacidad valorada en 15,000 dólares y no se hace responsable",en,English,"Asian airline “breaks” disabled passenger’s 15,000 dollar electric wheelchair and does not take responsibility","Asian airline “breaks” disabled passenger’s 15,000 dollar electric wheelchair and does not take responsibility",True
"Aerolínea asiática “rompe” silla de ruedas eléctrica de pasajero con discapacidad valorada en 15,000 dólares y no se hace responsable",fr,French,"Une compagnie aérienne asiatique « casse » le fauteuil roulant électrique d’un passager en situation de handicap, d’une valeur de 15 000 dollars, et ne se tient pas pour responsable","Une compagnie aérienne asiatique « casse » le fauteuil roulant électrique d’un passager en situation de handicap, d’une valeur de 15 000 dollars, et ne se déclare pas responsable",True
"Aerolínea asiática “rompe” silla de ruedas eléctrica de pasajero con discapacidad valorada en 15,000 dólares y no se hace responsable",de,German,Asiatische Fluggesellschaft „zerstört“ elektrischen Rollstuhl von Passagier mit Behinderung im Wert von 15.000 Dollar und übernimmt keine Verantwortung,Asiatische Fluggesellschaft „zerstört“ elektrischen Rollstuhl eines Passagiers mit Behinderung im Wert von 15.000 Dollar und übernimmt keine Verantwortung,True
"Aerolínea asiática “rompe” silla de ruedas eléctrica de pasajero con discapacidad valorada en 15,000 dólares y no se hace responsable",he,Hebrew,"חברת תעופה אסייתית ""שוברת"" כיסא גלגלים חשמלי של נוסע עם מוגבלות בשווי 15,000 דולר ואינה נושאת באחריות","חברת תעופה אסייתית ""שוברת"" כיסא גלגלים חשמלי של נוסע עם מוגבלות בשווי 15,000 דולר ואינה לוקחת אחריות",True
"Aerolínea asiática “rompe” silla de ruedas eléctrica de pasajero con discapacidad valorada en 15,000 dólares y no se hace responsable",hi,Hindi,"एशियाई एयरलाइन 15,000 डॉलर की कीमत वाली विकलांग यात्री की इलेक्ट्रिक व्हीलचेयर “तोड़ती” है और ज़िम्मेदारी नहीं लेती","एशियाई एयरलाइन 15,000 डॉलर की कीमत वाली विकलांग यात्री की इलेक्ट्रिक व्हीलचेयर तोड़ती है और ज़िम्मेदारी नहीं लेती",True
"Aerolínea asiática “rompe” silla de ruedas eléctrica de pasajero con discapacidad valorada en 15,000 dólares y no se hace responsable",id,Indonesian,Maskapai Asia “merusak” kursi roda elektrik milik penumpang penyandang disabilitas senilai 15.000 dolar dan tidak bertanggung jawab,Maskapai Asia “merusak” kursi roda elektrik milik penumpang penyandang disabilitas senilai 15.000 dolar dan tidak bertanggung jawab,True
"Aerolínea asiática “rompe” silla de ruedas eléctrica de pasajero con discapacidad valorada en 15,000 dólares y no se hace responsable",it,Italian,Compagnia aerea asiatica “rompe” sedia a rotelle elettrica di passeggero con disabilità dal valore di 15.000 dollari e non si assume la responsabilità,Compagnia aerea asiatica “rompe” sedia a rotelle elettrica di passeggero con disabilità dal valore di 15.000 dollari e non si assume la responsabilità,True
"Aerolínea asiática “rompe” silla de ruedas eléctrica de pasajero con discapacidad valorada en 15,000 dólares y no se hace responsable",ja,Japanese,アジアの航空会社が、1万5000ドル相当の障害のある乗客の電動車椅子を「壊し」、責任を取らない,アジアの航空会社が、1万5000ドル相当の障害のある乗客の電動車椅子を「壊し」、責任を取らないままにする,True
"Aerolínea asiática “rompe” silla de ruedas eléctrica de pasajero con discapacidad valorada en 15,000 dólares y no se hace responsable",ms,Malay,"Syarikat penerbangan Asia “merosakkan” kerusi roda elektrik milik penumpang kurang upaya bernilai 15,000 dolar dan tidak bertanggungjawab","Syarikat penerbangan Asia “merosakkan” kerusi roda elektrik milik penumpang kurang upaya bernilai 15,000 dolar dan tidak mengambil tanggungjawab",True
"Aerolínea asiática “rompe” silla de ruedas eléctrica de pasajero con discapacidad valorada en 15,000 dólares y no se hace responsable",pl,Polish,Azjatyckie linie lotnicze „niszczą” elektryczny wózek inwalidzki pasażera z niepełnosprawnością wart 15 000 dolarów i nie biorą za to odpowiedzialności,Azjatyckie linie lotnicze „niszczą” elektryczny wózek inwalidzki pasażera z niepełnosprawnością wart 15 000 dolarów i nie ponoszą za to odpowiedzialności,True
"Aerolínea asiática “rompe” silla de ruedas eléctrica de pasajero con discapacidad valorada en 15,000 dólares y no se hace responsable",pt,Portuguese,Companhia aérea asiática “quebra” cadeira de rodas elétrica de passageiro com deficiência avaliada em 15 mil dólares e não se responsabiliza,"Companhia aérea asiática “quebra” cadeira de rodas elétrica de passageiro com deficiência, avaliada em 15 mil dólares, e não se responsabiliza",True
"Aerolínea asiática “rompe” silla de ruedas eléctrica de pasajero con discapacidad valorada en 15,000 dólares y no se hace responsable",ro,Romanian,"Companie aeriană asiatică „strică” scaunul cu rotile electric al unei pasagere cu dizabilități, în valoare de 15.000 de dolari, și nu își asumă responsabilitatea","Companie aeriană asiatică „strică” scaunul cu rotile electric al unei pasagere cu dizabilități, în valoare de 15.000 de dolari, și nu își asumă responsabilitatea",True
"Aerolínea asiática “rompe” silla de ruedas eléctrica de pasajero con discapacidad valorada en 15,000 dólares y no se hace responsable",sv,Swedish,Asiatiskt flygbolag ”förstör” funktionshindrad passagerares elektriska rullstol värderad till 15 000 dollar och tar inget ansvar,Asiatiskt flygbolag ”förstör” funktionshindrad passagerares elektriska rullstol värderad till 15 000 dollar och tar inte något ansvar,True
"Aerolínea asiática “rompe” silla de ruedas eléctrica de pasajero con discapacidad valorada en 15,000 dólares y no se hace responsable",tl,Tagalog,"Aerolíneo sa Asya “sumira” sa de-kuryenteng wheelchair ng pasaherong may kapansanan na nagkakahalaga ng 15,000 dolyar at hindi umaako ng pananagutan","Aerolíneo sa Asya “sumira” sa de-kuryenteng wheelchair ng pasaherong may kapansanan na nagkakahalaga ng 15,000 dolyar at hindi umaako sa pananagutan",True
"Aerolínea asiática “rompe” silla de ruedas eléctrica de pasajero con discapacidad valorada en 15,000 dólares y no se hace responsable",zh-TW,Chinese (Traditional),亞洲航空公司「弄壞」身心障礙乘客價值1萬5千美元的電動輪椅卻不負責,亞洲航空公司「弄壞」身心障礙乘客價值1萬5千美元的電動輪椅卻不負責任,True
"Aerolínea asiática “rompe” silla de ruedas eléctrica de pasajero con discapacidad valorada en 15,000 dólares y no se hace responsable",th,Thai,"สายการบินเอเชีย “ทำพัง” รถเข็นวีลแชร์ไฟฟ้าของผู้โดยสารพิการ มูลค่า 15,000 ดอลลาร์ และไม่รับผิดชอบ","สายการบินเอเชีย “ทำพัง” รถเข็นวีลแชร์ไฟฟ้าของผู้โดยสารพิการ มูลค่า 15,000 ดอลลาร์ และไม่ยอมรับผิดชอบ",True
"Aerolínea asiática “rompe” silla de ruedas eléctrica de pasajero con discapacidad valorada en 15,000 dólares y no se hace responsable",tr,Turkish,"Asya havayolu, engelli yolcunun 15.000 dolar değerindeki elektrikli tekerlekli sandalyesini “kırıyor” ve sorumluluk kabul etmiyor","Asya havayolu, engelli yolcunun 15.000 dolar değerindeki elektrikli tekerlekli sandalyesini “kırıyor” ve sorumluluk kabul etmiyor",True
"Aerolínea asiática “rompe” silla de ruedas eléctrica de pasajero con discapacidad valorada en 15,000 dólares y no se hace responsable",uk,Ukrainian,Азійська авіакомпанія «ламає» електричний інвалідний візок пасажира з інвалідністю вартістю 15 000 доларів і не бере на себе відповідальності,Азійська авіакомпанія «ламає» електричний інвалідний візок пасажира з інвалідністю вартістю 15 000 доларів і не бере на себе відповідальність,True
"Aerolínea asiática “rompe” silla de ruedas eléctrica de pasajero con discapacidad valorada en 15,000 dólares y no se hace responsable",vi,Vietnamese,Hãng hàng không châu Á “làm hỏng” xe lăn điện trị giá 15.000 đô la của hành khách khuyết tật và không chịu trách nhiệm,Hãng hàng không châu Á “làm hỏng” xe lăn điện trị giá 15.000 đô la của hành khách khuyết tật và không nhận trách nhiệm,True
Generación Z y Alpha reivindican el “pelo graso” como nueva declaración de moda,ar,Arabic,"جيل زد وألفا يعتبران ""الشعر الدهني"" إعلانًا جديدًا في عالم الموضة","جيل زد وألفا يعتبران ""الشعر الدهني"" صيحة جديدة في عالم الموضة",True
Generación Z y Alpha reivindican el “pelo graso” como nueva declaración de moda,bn,Bengali,জেনারেশন জেড ও আলফা “তৈলাক্ত চুল”কে নতুন ফ্যাশন ঘোষণারূপে পুনরুদ্ধার করছে,জেনারেশন জেড ও আলফা “তৈলাক্ত চুল”কে নতুন ফ্যাশন ঘোষণারূপে পুনরুদ্ধার করছে,True
Generación Z y Alpha reivindican el “pelo graso” como nueva declaración de moda,nl,Dutch,Generatie Z en Alpha claimen “vet haar” als nieuwe modieuze statement,Generatie Z en Alpha claimen “vet haar” als nieuwe modieuze statement,True
Generación Z y Alpha reivindican el “pelo graso” como nueva declaración de moda,en,English,Generation Z and Alpha reclaim “greasy hair” as a new fashion statement,Generation Z and Alpha reclaim greasy hair as a new fashion statement,True
Generación Z y Alpha reivindican el “pelo graso” como nueva declaración de moda,fr,French,Les générations Z et Alpha revendiquent les « cheveux gras » comme nouvelle déclaration de mode,Les générations Z et Alpha revendiquent les « cheveux gras » comme nouvelle déclaration de mode,True
Generación Z y Alpha reivindican el “pelo graso” como nueva declaración de moda,de,German,Generation Z und Alpha reklamieren „fettiges Haar“ als neues Mode-Statement,Generation Z und Alpha reklamieren „fettiges Haar“ als neues Mode-Statement,True
Generación Z y Alpha reivindican el “pelo graso” como nueva declaración de moda,he,Hebrew,"דור ה־Z והאלפא מנכסים את ה""שיער השמנוני"" כהצהרת אופנה חדשה","דור ה־Z והאלפא מאמצים את ""השיער השמנוני"" כהצהרת אופנה חדשה",True
Generación Z y Alpha reivindican el “pelo graso” como nueva declaración de moda,hi,Hindi,जनरेशन ज़ेड और अल्फा “चिकने बालों” को नए फैशन स्टेटमेंट के रूप में अपना रहे हैं,जनरेशन ज़ेड और अल्फा चिकने बालों को नए फैशन स्टेटमेंट के रूप में अपना रहे हैं,True
Generación Z y Alpha reivindican el “pelo graso” como nueva declaración de moda,id,Indonesian,Generasi Z dan Alpha mengklaim “rambut berminyak” sebagai pernyataan mode baru,Generasi Z dan Alpha mengklaim “rambut berminyak” sebagai pernyataan fesyen baru,True
Generación Z y Alpha reivindican el “pelo graso” como nueva declaración de moda,it,Italian,Le generazioni Z e Alpha rivendicano i “capelli grassi” come nuova dichiarazione di moda,Le generazioni Z e Alpha rivendicano i “capelli grassi” come nuova dichiarazione di moda,True
Generación Z y Alpha reivindican el “pelo graso” como nueva declaración de moda,ja,Japanese,Z世代とアルファ世代が「脂っぽい髪」を新たなファッション宣言として打ち出す,Z世代とアルファ世代が「脂っぽい髪」を新たなファッション宣言として掲げる,True
Generación Z y Alpha reivindican el “pelo graso” como nueva declaración de moda,ms,Malay,Generasi Z dan Alpha mengangkat “rambut berminyak” sebagai kenyataan fesyen baharu,Generasi Z dan Alpha mengangkat “rambut berminyak” sebagai realiti fesyen baharu,True
Generación Z y Alpha reivindican el “pelo graso” como nueva declaración de moda,pl,Polish,Pokolenia Z i Alfa uznają „tłuste włosy” za nowe modowe oświadczenie,Pokolenia Z i Alfa uznają „tłuste włosy” za nowe modowe wyznanie,True
Generación Z y Alpha reivindican el “pelo graso” como nueva declaración de moda,pt,Portuguese,Gerações Z e Alpha reivindicam o “cabelo oleoso” como nova declaração de moda,Gerações Z e Alpha reivindicam o “cabelo oleoso” como nova declaração de estilo,True
Generación Z y Alpha reivindican el “pelo graso” como nueva declaración de moda,ro,Romanian,Generațiile Z și Alpha revendică „părul gras” ca noua declarație de modă,Generațiile Z și Alpha revendică „părul gras” ca noua declarație de modă,True
Generación Z y Alpha reivindican el “pelo graso” como nueva declaración de moda,sv,Swedish,Generation Z och Alpha gör anspråk på fett hår som ett nytt modeuttalande,Generation Z och Alpha gör anspråk på fett hår som ett nytt modestatement,True
Generación Z y Alpha reivindican el “pelo graso” como nueva declaración de moda,tl,Tagalog,Ineereklamo ng Generación Z at Alpha ang “mamantikang buhok” bilang bagong pahayag sa moda,Inirereklamo ng Henerasyon Z at Alpha ang “mamantikang buhok” bilang bagong pahayag sa moda,True
Generación Z y Alpha reivindican el “pelo graso” como nueva declaración de moda,zh-TW,Chinese (Traditional),Z世代與α世代將「油頭」重新詮釋為新的時尚宣言,Z世代與α世代將「油頭」重新詮釋為新時尚宣言,True
Generación Z y Alpha reivindican el “pelo graso” como nueva declaración de moda,th,Thai,เจเนอเรชัน Z และอัลฟาเรียกร้องให้ “ผมมัน” เป็นคำประกาศแฟชั่นแบบใหม่,เจเนอเรชัน Z และอัลฟา เรียกร้องให้ “ผมมัน” เป็นคำประกาศแฟชั่นแบบใหม่,True
Generación Z y Alpha reivindican el “pelo graso” como nueva declaración de moda,tr,Turkish,Z ve Alfa kuşağı “yağlı saç”ı yeni bir moda beyanı olarak sahipleniyor,Z ve Alfa kuşağı “yağlı saç”ı yeni bir moda ifadesi olarak sahipleniyor,True
Generación Z y Alpha reivindican el “pelo graso” como nueva declaración de moda,uk,Ukrainian,Покоління Z та Альфа реабілітують «жирне волосся» як нову модну заяву,Покоління Z та Альфа реабілітують «жирне волосся» як нову модну заяву,True
Generación Z y Alpha reivindican el “pelo graso” como nueva declaración de moda,vi,Vietnamese,Thế hệ Z và Alpha tôn vinh “tóc bết dầu” như tuyên ngôn thời trang mới,Thế hệ Z và Alpha tôn vinh “tóc bết dầu” như một tuyên ngôn thời trang mới,True
Un rayo acabó con la vida de 16 familiares de un joven el día de su boda,ar,Arabic,صاعقة أنهت حياة 16 من أقارب شاب في يوم زفافه,صاعقة تنهي حياة 16 من أقارب شاب في يوم زفافه,True
Un rayo acabó con la vida de 16 familiares de un joven el día de su boda,bn,Bengali,একটি বজ্রপাত এক তরুণের বিয়ের দিনে তার ১৬ জন আত্মীয়ের জীবন কেড়ে নিয়েছিল,একটি বজ্রপাত এক তরুণের বিয়ের দিনে তার ১৬ জন আত্মীয়ের জীবন কেড়ে নিয়েছিল,True
Un rayo acabó con la vida de 16 familiares de un joven el día de su boda,nl,Dutch,Een bliksemstraal maakte op de dag van zijn bruiloft een einde aan het leven van 16 familieleden van een jongeman,Een bliksemstraal maakte op de dag van zijn bruiloft een einde aan het leven van 16 familieleden van een jonge man,True
Un rayo acabó con la vida de 16 familiares de un joven el día de su boda,en,English,A lightning strike ended the lives of 16 relatives of a young man on his wedding day,A lightning strike ended the lives of 16 of a young man's relatives on his wedding day,True
Un rayo acabó con la vida de 16 familiares de un joven el día de su boda,fr,French,La foudre a coûté la vie à 16 membres de la famille d’un jeune le jour de son mariage,La foudre a coûté la vie à 16 membres de la famille d’un jeune le jour de son mariage,True
Un rayo acabó con la vida de 16 familiares de un joven el día de su boda,de,German,Ein Blitz beendete am Tag seiner Hochzeit das Leben von 16 Angehörigen eines jungen Mannes,Ein Blitz beendete am Tag seiner Hochzeit das Leben von 16 Angehörigen eines jungen Mannes,True
Un rayo acabó con la vida de 16 familiares de un joven el día de su boda,he,Hebrew,ברק שם קץ לחייהם של 16 מקרובי משפחתו של צעיר ביום חתונתו,ברק שם קץ לחייהם של 16 מקרובי משפחתו של צעיר ביום חתונתו,True
Un rayo acabó con la vida de 16 familiares de un joven el día de su boda,hi,Hindi,एक युवक की शादी के दिन बिजली ने उसके 16 परिजनों की जान ले ली,एक युवक की शादी के दिन बिजली ने उसके 16 परिजनों की जान ले ली,True
Un rayo acabó con la vida de 16 familiares de un joven el día de su boda,id,Indonesian,Sambaran petir mengakhiri hidup 16 kerabat seorang pemuda pada hari pernikahannya,Sambaran petir mengakhiri hidup 16 kerabat seorang pemuda di hari pernikahannya,True
Un rayo acabó con la vida de 16 familiares de un joven el día de su boda,it,Italian,Un fulmine ha posto fine alla vita di 16 familiari di un giovane il giorno del suo matrimonio,Un fulmine ha posto fine alla vita di 16 familiari di un giovane nel giorno del suo matrimonio,True
Un rayo acabó con la vida de 16 familiares de un joven el día de su boda,ja,Japanese,若者の結婚式の日に、雷がその親族16人の命を奪った,若者の結婚式の日に、雷がその親族16人の命を奪う,True
Un rayo acabó con la vida de 16 familiares de un joven el día de su boda,ms,Malay,Satu panahan petir meragut nyawa 16 ahli keluarga seorang pemuda pada hari perkahwinannya,Satu panahan petir meragut nyawa 16 ahli keluarga seorang pemuda pada hari perkahwinan beliau,True
Un rayo acabó con la vida de 16 familiares de un joven el día de su boda,pl,Polish,Piorun zakończył życie 16 krewnych młodego mężczyzny w dniu jego ślubu,Piorun zakończył życie 16 krewnych młodego mężczyzny w dniu jego ślubu,True
Un rayo acabó con la vida de 16 familiares de un joven el día de su boda,pt,Portuguese,Um raio tirou a vida de 16 familiares de um jovem no dia do seu casamento,Um raio tirou a vida de 16 familiares de um jovem no dia de seu casamento,True
Un rayo acabó con la vida de 16 familiares de un joven el día de su boda,ro,Romanian,Un fulger le-a curmat viața a 16 rude ale unui tânăr în ziua nunții lui,Un fulger le-a curmat viața a 16 rude ale unui tânăr în ziua nunții acestuia,True
Un rayo acabó con la vida de 16 familiares de un joven el día de su boda,sv,Swedish,En blixt tog livet av 16 släktingar till en ung man på hans bröllopsdag,En blixt tog livet av 16 släktingar till en ung man på hans bröllopsdag,True
Un rayo acabó con la vida de 16 familiares de un joven el día de su boda,tl,Tagalog,Isang kidlat ang kumitil sa buhay ng 16 na kaanak ng isang binata sa araw ng kanyang kasal,Isang kidlat ang kumitil sa buhay ng 16 na kaanak ng isang binata sa araw ng kasal nito,True
Un rayo acabó con la vida de 16 familiares de un joven el día de su boda,zh-TW,Chinese (Traditional),一道閃電在一名年輕人結婚當天奪走了他16名親屬的性命,一道閃電在一名年輕人結婚當天奪走了他16名親屬的生命,True
Un rayo acabó con la vida de 16 familiares de un joven el día de su boda,th,Thai,ฟ้าผ่าคร่าชีวิตญาติ 16 คนของชายหนุ่มในวันแต่งงานของเขา,ฟ้าผ่าคร่าชีวิตญาติของชายหนุ่ม 16 คนในวันแต่งงานของเขา,True
Un rayo acabó con la vida de 16 familiares de un joven el día de su boda,tr,Turkish,"Bir yıldırım, bir gencin düğün gününde 16 aile ferdinin hayatına son verdi","Bir yıldırım, bir gencin düğün gününde 16 aile üyesinin hayatına son verdi",True
Un rayo acabó con la vida de 16 familiares de un joven el día de su boda,uk,Ukrainian,Блискавка забрала життя 16 родичів молодого в день його весілля,Блискавка забрала життя 16 родичів молодого у день його весілля,True
Un rayo acabó con la vida de 16 familiares de un joven el día de su boda,vi,Vietnamese,Sét đã cướp đi mạng sống của 16 người thân của một thanh niên vào ngày cưới của anh,Sét đã cướp đi mạng sống của 16 người thân của một thanh niên trong ngày cưới của anh,True
Las últimas fotos de Rob Reiner que compartió su hija justo antes del trágico final,ar,Arabic,آخر صور روب راينر التي شاركتها ابنته قبل النهاية المأساوية,آخر صور روب راينر التي شاركتها ابنته قبل النهاية المأساوية,True
Las últimas fotos de Rob Reiner que compartió su hija justo antes del trágico final,bn,Bengali,দুর্ভাগ্যজনক পরিণতির ঠিক আগে মেয়ে যে রব রেইনারের শেষ দিকের ছবিগুলো শেয়ার করেছিলেন,দুর্ভাগ্যজনক পরিণতির ঠিক আগে মেয়ে যে রব রেইনারের শেষ দিকের ছবিগুলো ভাগ করেছিলেন,True
Las últimas fotos de Rob Reiner que compartió su hija justo antes del trágico final,nl,Dutch,De laatste foto’s van Rob Reiner die zijn dochter vlak voor het tragische einde deelde,De laatste foto’s van Rob Reiner die hij vlak voor het tragische einde van zijn dochter deelde,True
Las últimas fotos de Rob Reiner que compartió su hija justo antes del trágico final,en,English,The last photos of Rob Reiner that his daughter shared just before the tragic end,The last photos of Rob Reiner that his daughter shared just before the tragic ending,True
Las últimas fotos de Rob Reiner que compartió su hija justo antes del trágico final,fr,French,Les dernières photos de Rob Reiner que sa fille a partagées juste avant la fin tragique,Les dernières photos de Rob Reiner que sa fille a partagées juste avant la fin tragique,True
Las últimas fotos de Rob Reiner que compartió su hija justo antes del trágico final,de,German,"Die letzten Fotos von Rob Reiner, die seine Tochter kurz vor dem tragischen Ende teilte","Die letzten Fotos von Rob Reiner, die seine Tochter kurz vor dem tragischen Ende geteilt hat",True
Las últimas fotos de Rob Reiner que compartió su hija justo antes del trágico final,he,Hebrew,התמונות האחרונות של רוב ריינר שבתו שיתפה ממש לפני הסוף הטרגי,התמונות האחרונות של רוב ריינר שבתו שיתפה ממש לפני הסוף הטרגי,True
Las últimas fotos de Rob Reiner que compartió su hija justo antes del trágico final,hi,Hindi,दुखद अंत से ठीक पहले उसकी बेटी द्वारा साझा की गई रॉब राइनर की आखिरी तस्वीरें,दुखद अंत से ठीक पहले उसकी बेटी द्वारा साझा की गई रॉब राइनर की अंतिम तस्वीरें,True
Las últimas fotos de Rob Reiner que compartió su hija justo antes del trágico final,id,Indonesian,Foto-foto terakhir Rob Reiner yang dibagikan putrinya tepat sebelum akhir tragis,Foto-foto terakhir Rob Reiner yang dibagikan putrinya tepat sebelum akhir yang tragis,True
Las últimas fotos de Rob Reiner que compartió su hija justo antes del trágico final,it,Italian,Le ultime foto di Rob Reiner che sua figlia ha condiviso proprio prima del tragico finale,Le ultime foto di Rob Reiner che sua figlia ha condiviso proprio prima del finale tragico,True
Las últimas fotos de Rob Reiner que compartió su hija justo antes del trágico final,ja,Japanese,悲劇的な結末の直前に娘が共有したロブ・ライナーの最後の写真,悲劇的な結末の直前に娘が共有したロブ・ライナーの最後の写真,True
Las últimas fotos de Rob Reiner que compartió su hija justo antes del trágico final,ms,Malay,Foto-foto terakhir Rob Reiner yang dikongsi anak perempuannya tepat sebelum pengakhiran tragis,Foto-foto terakhir Rob Reiner yang dikongsi anak perempuannya tepat sebelum pengakhiran yang tragis,True
Las últimas fotos de Rob Reiner que compartió su hija justo antes del trágico final,pl,Polish,"Ostatnie zdjęcia Roba Reinera, które jego córka udostępniła tuż przed tragicznym finałem","Ostatnie zdjęcia Roba Reinera, które jego córka udostępniła tuż przed tragicznym finałem",True
Las últimas fotos de Rob Reiner que compartió su hija justo antes del trágico final,pt,Portuguese,As últimas fotos de Rob Reiner que sua filha compartilhou pouco antes do trágico final,As últimas fotos de Rob Reiner que sua filha compartilhou pouco antes do final trágico,True
Las últimas fotos de Rob Reiner que compartió su hija justo antes del trágico final,ro,Romanian,Cele mai recente fotografii cu Rob Reiner pe care le-a împărtășit fiica lui chiar înainte de finalul tragic,Cele mai recente fotografii cu Rob Reiner pe care le-a împărtășit fiica lui chiar înainte de sfârșitul tragic,True
Las últimas fotos de Rob Reiner que compartió su hija justo antes del trágico final,sv,Swedish,De senaste bilderna på Rob Reiner som hans dotter delade precis före det tragiska slutet,De senaste bilderna på Rob Reiner som hans dotter delade precis före den tragiska slutet,True
Las últimas fotos de Rob Reiner que compartió su hija justo antes del trágico final,tl,Tagalog,Ang mga pinakahuling litrato ni Rob Reiner na ibinahagi ng anak niyang babae ilang sandali bago ang malagim na wakas,Ang mga pinakahuling litrato ni Rob Reiner na ibinahagi ng anak niyang babae ilang sandali bago ang malagim niyang wakas,True
Las últimas fotos de Rob Reiner que compartió su hija justo antes del trágico final,zh-TW,Chinese (Traditional),羅伯·萊納女兒在悲劇性結局前剛剛分享的最新照片,羅伯·萊納的女兒在悲劇性結局前剛剛分享的最新照片,True
Las últimas fotos de Rob Reiner que compartió su hija justo antes del trágico final,th,Thai,ภาพล่าสุดของร็อบ ไรเนอร์ที่ลูกสาวของเขาแชร์ก่อนหน้าจุดจบอันน่าเศร้า,ภาพล่าสุดของร็อบ ไรเนอร์ ที่ลูกสาวของเขาแชร์ก่อนหน้าจุดจบอันน่าเศร้า,True
Las últimas fotos de Rob Reiner que compartió su hija justo antes del trágico final,tr,Turkish,Rob Reiner’ın trajik sonundan hemen önce kızı tarafından paylaşılan son fotoğrafları,Rob Reiner’ın trajik sonundan hemen önce kızı tarafından paylaşılan son fotoğraflar,True
Las últimas fotos de Rob Reiner que compartió su hija justo antes del trágico final,uk,Ukrainian,"Останні фото Роба Райнера, які його донька поділила якраз перед трагічним фіналом","Останні фото Роба Райнера, якими його донька поділилася якраз перед трагічним фіналом",True
Las últimas fotos de Rob Reiner que compartió su hija justo antes del trágico final,vi,Vietnamese,Những bức ảnh cuối cùng của Rob Reiner mà con gái ông chia sẻ ngay trước cái kết bi thảm,Những bức ảnh cuối cùng của Rob Reiner do con gái ông chia sẻ ngay trước cái kết bi thảm,True
Restaurante regala la última comida de una perrita con un tumor en la nariz antes de su despedida,ar,Arabic,مطعم يهدي الوجبة الأخيرة لكلبة صغيرة مصابة بورم في أنفها قبل وداعها,مطعم يهدي الوجبة الأخيرة لكلبة صغيرة مصابة بورم في أنفها قبل توديعها,True
Restaurante regala la última comida de una perrita con un tumor en la nariz antes de su despedida,bn,Bengali,এক রেস্তোরাঁ নাকে টিউমার থাকা এক মাদি কুকুরের শেষ খাবারটি তার বিদায়ের আগে উপহার দেয়,এক রেস্তোরাঁ নাকে টিউমার থাকা এক মাদি কুকুরকে তার বিদায়ের আগে শেষ খাবারটি উপহার দেয়,True
Restaurante regala la última comida de una perrita con un tumor en la nariz antes de su despedida,nl,Dutch,Restaurant schenkt het laatste maal van een hondje met een tumor in haar neus vóór haar afscheid,Restaurant schenkt de laatste maaltijd van een hondje met een tumor in haar neus vóór haar afscheid,True
Restaurante regala la última comida de una perrita con un tumor en la nariz antes de su despedida,en,English,Restaurant gives away the last meal of a little dog with a tumor on her nose before her farewell,Restaurant gives away the last meal of a little dog with a tumor on her nose before her goodbye,True
Restaurante regala la última comida de una perrita con un tumor en la nariz antes de su despedida,fr,French,Un restaurant offre le dernier repas d’une petite chienne avec une tumeur au nez avant son adieu,Un restaurant offre le dernier repas d’une petite chienne atteinte d’une tumeur au nez avant son adieu,True
Restaurante regala la última comida de una perrita con un tumor en la nariz antes de su despedida,de,German,Restaurant schenkt einer Hündin mit einem Tumor in der Nase ihre letzte Mahlzeit vor ihrem Abschied,Restaurant schenkt einer Hündin mit einem Tumor in der Nase ihre letzte Mahlzeit vor ihrem Abschied,True
Restaurante regala la última comida de una perrita con un tumor en la nariz antes de su despedida,he,Hebrew,מסעדה מעניקה את הארוחה האחרונה של כלבה קטנה עם גידול באף לפני פרידתה,מסעדה מעניקה את הארוחה האחרונה לכלבה קטנה עם גידול באף לפני פרידתה,True
Restaurante regala la última comida de una perrita con un tumor en la nariz antes de su despedida,hi,Hindi,रेस्तरां एक नाक में ट्यूमर वाली कुतिया की आखिरी खाना उसकी विदाई से पहले मुफ्त में देता है,रेस्तरां नाक में ट्यूमर वाली कुतिया का आखिरी खाना उसकी विदाई से पहले मुफ्त में देता है,True
Restaurante regala la última comida de una perrita con un tumor en la nariz antes de su despedida,id,Indonesian,Restoran menghadiahkan santapan terakhir seekor anjing betina kecil dengan tumor di hidung sebelum perpisahannya,Restoran menghadiahkan santapan terakhir kepada seekor anjing betina kecil dengan tumor di hidung sebelum perpisahannya,True
Restaurante regala la última comida de una perrita con un tumor en la nariz antes de su despedida,it,Italian,Ristorante regala l’ultimo pasto a una cagnolina con un tumore al naso prima del suo addio,Ristorante regala l’ultimo pasto a una cagnolina con un tumore al naso prima del suo addio,True
Restaurante regala la última comida de una perrita con un tumor en la nariz antes de su despedida,ja,Japanese,レストランが、鼻に腫瘍がある雌犬の最後の食事を別れの前にプレゼントする,レストランが、鼻に腫瘍がある雌犬に別れの前の最後の食事をプレゼントする,True
Restaurante regala la última comida de una perrita con un tumor en la nariz antes de su despedida,ms,Malay,Restoran menghadiahkan hidangan terakhir seekor anjing betina kecil dengan tumor di hidung sebelum perpisahannya,Restoran menghadiahkan hidangan terakhir kepada seekor anjing betina kecil dengan tumor di hidung sebelum perpisahannya,True
Restaurante regala la última comida de una perrita con un tumor en la nariz antes de su despedida,pl,Polish,Restauracja podarowała ostatni posiłek suczce z guzem na nosie przed jej pożegnaniem,Restauracja podarowała ostatni posiłek suczce z guzem na nosie przed jej pożegnaniem się,True
Restaurante regala la última comida de una perrita con un tumor en la nariz antes de su despedida,pt,Portuguese,Restaurante presenteia a última refeição de uma cadelinha com um tumor no nariz antes de sua despedida,Restaurante presenteia a última refeição de cadelinha com tumor no nariz antes de sua despedida,True
Restaurante regala la última comida de una perrita con un tumor en la nariz antes de su despedida,ro,Romanian,Restaurantul oferă ultima masă unei cățelușe cu o tumoră pe nas înainte de despărțirea ei,Restaurantul oferă ultima masă unei cățelușe cu o tumoră pe nas înainte de despărțirea de ea,True
Restaurante regala la última comida de una perrita con un tumor en la nariz antes de su despedida,sv,Swedish,Restaurang bjuder på sista måltiden till en liten tik med en tumör på nosen före hennes avsked,Restaurang bjuder på sista måltiden till liten tik med tumör på nosen före hennes avsked,True
Restaurante regala la última comida de una perrita con un tumor en la nariz antes de su despedida,tl,Tagalog,"Restawran, niregaluhan ang huling pagkain ng isang asong babae na may tumor sa ilong bago ang kanyang pamamaalam","Restawran, niregaluhan ang huling pagkain ng isang asong babae na may tumor sa ilong bago ang kanyang pamamaalam",True
Restaurante regala la última comida de una perrita con un tumor en la nariz antes de su despedida,zh-TW,Chinese (Traditional),餐廳在一隻鼻子長腫瘤的母狗告別前贈送了牠最後的一餐,餐廳在一隻鼻子長腫瘤的母狗告別前贈送牠最後的一餐,True
Restaurante regala la última comida de una perrita con un tumor en la nariz antes de su despedida,th,Thai,ร้านอาหารมอบอาหารมื้อสุดท้ายให้สุนัขเพศเมียตัวหนึ่งที่มีเนื้องอกที่จมูกก่อนการอำลาของเธอ,ร้านอาหารมอบอาหารมื้อสุดท้ายให้สุนัขเพศเมียตัวหนึ่งที่มีเนื้องอกที่จมูกก่อนการจากลาของเธอ,True
Restaurante regala la última comida de una perrita con un tumor en la nariz antes de su despedida,tr,Turkish,"Restoran, burnunda tümör olan dişi köpeğin vedasından önceki son yemeğini hediye ediyor","Restoran, burnunda tümör olan dişi köpeğin vedasından önceki son yemeğini hediye etti",True
Restaurante regala la última comida de una perrita con un tumor en la nariz antes de su despedida,uk,Ukrainian,Ресторан дарує останню їжу собачці з пухлиною в носі перед її прощанням,Ресторан дарує останню їжу собачці з пухлиною в носі перед її прощаннямся,True
Restaurante regala la última comida de una perrita con un tumor en la nariz antes de su despedida,vi,Vietnamese,Nhà hàng tặng bữa ăn cuối cùng cho một cô chó con bị khối u ở mũi trước lúc chia tay,Nhà hàng tặng bữa ăn cuối cùng cho một cô chó con bị khối u ở mũi trước lúc chia ly,True
Pequeños roedores usan tulipanes como camas de lujo para dormir,ar,Arabic,قوارض صغيرة تستخدم زهور التوليب كأسرّة فاخرة للنوم,قوارض صغيرة تستخدم زهور التوليب كأسرّة فاخرة للنوم,True
Pequeños roedores usan tulipanes como camas de lujo para dormir,bn,Bengali,ছোট ছোট ইঁদুর বিলাসবহুল বিছানা হিসেবে টিউলিপ ব্যবহার করে ঘুমায়,ছোট ছোট ইঁদুর বিলাসবহুল বিছানা হিসেবে টিউলিপ ব্যবহার করে ঘুমায়,True
Pequeños roedores usan tulipanes como camas de lujo para dormir,nl,Dutch,Kleine knaagdieren gebruiken tulpen als luxebedden om in te slapen,Kleine knaagdieren gebruiken tulpen als luxe bedden om in te slapen,True
Pequeños roedores usan tulipanes como camas de lujo para dormir,en,English,Small rodents use tulips as luxury beds to sleep,Small rodents use tulips as luxury beds to sleep in,True
Pequeños roedores usan tulipanes como camas de lujo para dormir,fr,French,De petits rongeurs utilisent des tulipes comme lits de luxe pour dormir,De petits rongeurs utilisent des tulipes comme lits de luxe pour dormir,True
Pequeños roedores usan tulipanes como camas de lujo para dormir,de,German,Kleine Nagetiere benutzen Tulpen als Luxusbett zum Schlafen,Kleine Nagetiere benutzen Tulpen als Luxusbetten zum Schlafen,True
Pequeños roedores usan tulipanes como camas de lujo para dormir,he,Hebrew,מכרסמים קטנים משתמשים בצבעונים כמיטות יוקרה לשינה,מכרסמים קטנים משתמשים בצבעונים כמיטות יוקרה לשינה,True
Pequeños roedores usan tulipanes como camas de lujo para dormir,hi,Hindi,छोटे कृंतक सोने के लिए ट्यूलिप को लग्जरी बिस्तर की तरह इस्तेमाल करते हैं,छोटे कृंतक सोने के लिए ट्यूलिप को लग्जरी बिस्तर की तरह इस्तेमाल करते हैं,True
Pequeños roedores usan tulipanes como camas de lujo para dormir,id,Indonesian,Tikus kecil menggunakan tulip sebagai tempat tidur mewah untuk tidur,Tikus kecil menggunakan tulip sebagai tempat tidur mewah untuk tidur,True
Pequeños roedores usan tulipanes como camas de lujo para dormir,it,Italian,Piccoli roditori usano i tulipani come letti di lusso per dormire,Piccoli roditori usano i tulipani come letti di lusso per dormire,True
Pequeños roedores usan tulipanes como camas de lujo para dormir,ja,Japanese,小さなげっ歯類がチューリップを高級ベッドとして使って眠る,小さなげっ歯類がチューリップを高級ベッドとして使って眠る,True
Pequeños roedores usan tulipanes como camas de lujo para dormir,ms,Malay,Tikus kecil menggunakan tulip sebagai katil mewah untuk tidur,Tikus kecil menggunakan tulip sebagai katil mewah untuk tidur lena,True
Pequeños roedores usan tulipanes como camas de lujo para dormir,pl,Polish,Małe gryzonie używają tulipanów jako luksusowych łóżek do spania,Małe gryzonie używają tulipanów jako luksusowych łóżek do snu,True
Pequeños roedores usan tulipanes como camas de lujo para dormir,pt,Portuguese,Pequenos roedores usam tulipas como camas de luxo para dormir,Pequenos roedores usam tulipas como camas de luxo para dormir,True
Pequeños roedores usan tulipanes como camas de lujo para dormir,ro,Romanian,Mici rozătoare folosesc lalelele ca paturi de lux pentru a dormi,Mici rozătoare folosesc lalelele ca paturi de lux pentru a dormi,True
Pequeños roedores usan tulipanes como camas de lujo para dormir,sv,Swedish,Små gnagare använder tulpaner som lyxsängar för att sova,Små gnagare använder tulpaner som lyxsängar när de sover,True
Pequeños roedores usan tulipanes como camas de lujo para dormir,tl,Tagalog,Maliliit na daga gumagamit ng mga tulip bilang marangyang kama para matulog,"Maliliit na daga, gumagamit ng mga tulip bilang marangyang kama para matulog",True
Pequeños roedores usan tulipanes como camas de lujo para dormir,zh-TW,Chinese (Traditional),小型囓齒動物把鬱金香當成豪華床來睡覺,小型囓齒動物把鬱金香當成豪華床睡覺,True
Pequeños roedores usan tulipanes como camas de lujo para dormir,th,Thai,สัตว์ฟันแทะตัวเล็กใช้ดอกทิวลิปเป็นเตียงหรูสำหรับนอนหลับ,สัตว์ฟันแทะตัวเล็กใช้ดอกทิวลิปเป็นเตียงหรูสำหรับหลับพักผ่อน,True
Pequeños roedores usan tulipanes como camas de lujo para dormir,tr,Turkish,Küçük kemirgenler uyumak için lüks yatak olarak laleleri kullanıyor,Küçük kemirgenler uyumak için lüks yatak olarak laleleri kullanıyorlar,True
Pequeños roedores usan tulipanes como camas de lujo para dormir,uk,Ukrainian,Маленькі гризуни використовують тюльпани як розкішні ліжка для сну,Маленькі гризуни використовують тюльпани як розкішні ліжка для сну,True
Pequeños roedores usan tulipanes como camas de lujo para dormir,vi,Vietnamese,Những loài gặm nhấm nhỏ dùng hoa tulip làm giường sang trọng để ngủ,Những loài gặm nhấm nhỏ dùng hoa tulip làm giường ngủ sang trọng,True
Perrito rescatado no deja de vigilar a su dueño por miedo al abandono,ar,Arabic,جرو مُنقَذ لا يتوقف عن مراقبة صاحبه خوفًا من التخلّي عنه,جرو مُنقَذ لا يتوقف عن مراقبة صاحبه خوفًا من التخلّي عنه,True
Perrito rescatado no deja de vigilar a su dueño por miedo al abandono,bn,Bengali,উদ্ধার হওয়া কুকুরছানাটি পরিত্যক্ত হওয়ার ভয়ে তার মালিকের ওপর থেকে নজর সরায় না,উদ্ধার হওয়া কুকুরছানাটি পরিত্যক্ত হওয়ার ভয়ে তার মালিকের দিক থেকে নজর সরায় না,True
Perrito rescatado no deja de vigilar a su dueño por miedo al abandono,nl,Dutch,Geredde hond stopt niet met zijn baasje in de gaten houden uit angst om verlaten te worden,Geredde hond stopt niet met zijn baasje in de gaten houden uit angst om verlaten te worden,True
Perrito rescatado no deja de vigilar a su dueño por miedo al abandono,en,English,Rescued puppy does not stop watching his owner for fear of abandonment,Rescued puppy does not stop watching his owner for fear of being abandoned,True
Perrito rescatado no deja de vigilar a su dueño por miedo al abandono,fr,French,Chiot secouru ne cesse de surveiller son maître par peur de l’abandon,Chiot secouru ne cesse de surveiller son maître par peur d’abandon,True
Perrito rescatado no deja de vigilar a su dueño por miedo al abandono,de,German,"Geretteter Hund hört nicht auf, seinen Besitzer aus Angst vor dem Verlassenwerden zu bewachen","Geretteter Hund hört nicht auf, seinen Besitzer aus Angst vor dem Verlassenwerden zu bewachen",True
Perrito rescatado no deja de vigilar a su dueño por miedo al abandono,he,Hebrew,כלב קטן שניצל לא מפסיק להשגיח על בעליו מפחד שינטש,כלב קטן שניצל לא מפסיק להשגיח על בעליו מפחד שינטשו אותו,True
Perrito rescatado no deja de vigilar a su dueño por miedo al abandono,hi,Hindi,बचाए गए पिल्ले को छोड़ दिए जाने के डर से अपने मालिक पर नज़र रखना बंद नहीं करता,छोड़े जाने के डर से बचाया गया पिल्ला अपने मालिक पर नज़र रखना बंद नहीं करता,True
Perrito rescatado no deja de vigilar a su dueño por miedo al abandono,id,Indonesian,Anjing kecil yang diselamatkan tidak berhenti mengawasi pemiliknya karena takut ditelantarkan,Anjing kecil yang diselamatkan tidak berhenti mengawasi pemiliknya karena takut ditelantarkan kembali,True
Perrito rescatado no deja de vigilar a su dueño por miedo al abandono,it,Italian,Cagnolino salvato non smette di sorvegliare il suo padrone per paura dell’abbandono,Cagnolino salvato non smette di sorvegliare il suo padrone per paura di essere abbandonato,True
Perrito rescatado no deja de vigilar a su dueño por miedo al abandono,ja,Japanese,捨てられるのが怖くて、救出された子犬は飼い主を見張るのをやめない,捨てられるのが怖くて、救出された子犬は飼い主を見張るのをやめないままだ,True
Perrito rescatado no deja de vigilar a su dueño por miedo al abandono,ms,Malay,Anak anjing yang diselamatkan tidak berhenti mengawasi tuannya kerana takut ditinggalkan,Anak anjing yang diselamatkan tidak berhenti mengawasi tuannya kerana takut akan ditinggalkan,True
Perrito rescatado no deja de vigilar a su dueño por miedo al abandono,pl,Polish,Uratowany piesek nie przestaje pilnować swojego właściciela ze strachu przed porzuceniem,Uratowany piesek nie przestaje pilnować swojego właściciela ze strachu przed porzuceniem,True
Perrito rescatado no deja de vigilar a su dueño por miedo al abandono,pt,Portuguese,Cachorrinho resgatado não para de vigiar seu dono por medo de abandono,Cachorrinho resgatado não para de vigiar o dono por medo de abandono,True
Perrito rescatado no deja de vigilar a su dueño por miedo al abandono,ro,Romanian,Căţeluşul salvat nu încetează să‑și vegheze stăpânul de teamă să nu fie abandonat,Căţeluşul salvat nu încetează să‑și vegheze stăpânul de teamă să nu fie din nou abandonat,True
Perrito rescatado no deja de vigilar a su dueño por miedo al abandono,sv,Swedish,Räddad hundvalp slutar inte att vaka över sin ägare av rädsla för att bli övergiven,Räddad hundvalp slutar inte vaka över sin ägare av rädsla för att bli övergiven,True
Perrito rescatado no deja de vigilar a su dueño por miedo al abandono,tl,Tagalog,Asong tuta na nasagip hindi tumitigil sa pagbabantay sa amo dahil sa takot na maabandonado,"Nasagip na asong tuta, hindi tumitigil sa pagbabantay sa amo dahil sa takot na maabandonado",True
Perrito rescatado no deja de vigilar a su dueño por miedo al abandono,zh-TW,Chinese (Traditional),被救的小狗因害怕被遺棄而不停看守著牠的主人,被救的小狗因害怕被遺棄而不停看守著牠的主人,False
Perrito rescatado no deja de vigilar a su dueño por miedo al abandono,th,Thai,ลูกสุนัขที่ได้รับการช่วยเหลือไม่หยุดเฝ้าดูเจ้าของเพราะกลัวการถูกทอดทิ้ง,ลูกสุนัขที่ได้รับการช่วยเหลือไม่หยุดเฝ้ามองเจ้าของเพราะกลัวถูกทอดทิ้ง,True
Perrito rescatado no deja de vigilar a su dueño por miedo al abandono,tr,Turkish,"Kurtarılan köpekçik, terk edilme korkusuyla sahibini gözünü ayırmadan izliyor","Kurtarılan köpekçik, terk edilme korkusuyla sahibini gözünü ayırmadan izliyor",True
Perrito rescatado no deja de vigilar a su dueño por miedo al abandono,uk,Ukrainian,"Песик, якого врятували, не перестає стежити за своїм господарем через страх покинення","Песик, якого врятували, не перестає стежити за своїм господарем через страх покинутості",True
Perrito rescatado no deja de vigilar a su dueño por miedo al abandono,vi,Vietnamese,Chú chó con được cứu không ngừng trông chừng chủ vì sợ bị bỏ rơi,Chú chó con được cứu không ngừng trông chừng chủ vì sợ sẽ bị bỏ rơi,True
Robbie Williams culpa el deterioro de su vista a las inyecciones para la pérdida de peso,ar,Arabic,روبي ويليامز يلقي باللوم في تدهور بصره على الحقن لإنقاص الوزن,روبي ويليامز يلقي باللوم في تدهور بصره على حقن إنقاص الوزن,True
Robbie Williams culpa el deterioro de su vista a las inyecciones para la pérdida de peso,bn,Bengali,রবি উইলিয়ামস তার দৃষ্টিশক্তির অবনতির জন্য ওজন কমানোর ইনজেকশনগুলোকে দায়ী করছেন,রবি উইলিয়ামস তার দৃষ্টিশক্তি অবনতির জন্য ওজন কমানোর ইনজেকশনগুলোকে দায়ী করছেন,True
Robbie Williams culpa el deterioro de su vista a las inyecciones para la pérdida de peso,nl,Dutch,Robbie Williams wijt de achteruitgang van zijn zicht aan injecties voor gewichtsverlies,Robbie Williams wijt de achteruitgang van zijn zicht aan injecties tegen gewichtsverlies,True
Robbie Williams culpa el deterioro de su vista a las inyecciones para la pérdida de peso,en,English,Robbie Williams blames the deterioration of his eyesight on weight loss injections,Robbie Williams blames the deterioration of his eyesight on weight-loss injections,True
Robbie Williams culpa el deterioro de su vista a las inyecciones para la pérdida de peso,fr,French,Robbie Williams attribue la détérioration de sa vue aux injections pour la perte de poids,Robbie Williams attribue la détérioration de sa vue aux injections contre la perte de poids,True
Robbie Williams culpa el deterioro de su vista a las inyecciones para la pérdida de peso,de,German,Robbie Williams macht die Verschlechterung seines Sehvermögens den Spritzen zur Gewichtsabnahme verantwortlich,Robbie Williams macht die Verschlechterung seines Sehvermögens den Spritzen zur Gewichtsabnahme verantwortlich,False
Robbie Williams culpa el deterioro de su vista a las inyecciones para la pérdida de peso,he,Hebrew,רובי ויליאמס מאשים את ההידרדרות בראייה שלו בזריקות לירידה במשקל,רובי ויליאמס מאשים את ההידרדרות בראייתו בזריקות לירידה במשקל,True
Robbie Williams culpa el deterioro de su vista a las inyecciones para la pérdida de peso,hi,Hindi,रॉबी विलियम्स अपनी नज़र के बिगड़ने के लिए वजन घटाने की इंजेक्शनों को जिम्मेदार ठहराते हैं,रॉबी विलियम्स अपनी नज़र के बिगड़ने के लिए वजन घटाने की इंजेक्शनों को ज़िम्मेदार ठहराते हैं,True
Robbie Williams culpa el deterioro de su vista a las inyecciones para la pérdida de peso,id,Indonesian,Robbie Williams menyalahkan memburuknya penglihatannya pada suntikan untuk penurunan berat badan,Robbie Williams menyalahkan memburuknya penglihatannya pada suntikan penurunan berat badan,True
Robbie Williams culpa el deterioro de su vista a las inyecciones para la pérdida de peso,it,Italian,Robbie Williams attribuisce il deterioramento della sua vista alle iniezioni per la perdita di peso,Robbie Williams attribuisce il deterioramento della vista alle iniezioni per la perdita di peso,True
Robbie Williams culpa el deterioro de su vista a las inyecciones para la pérdida de peso,ja,Japanese,ロビー・ウィリアムズは視力の低下を減量用注射のせいにしている,ロビー・ウィリアムズは視力の低下を減量用注射のせいにしている,True
Robbie Williams culpa el deterioro de su vista a las inyecciones para la pérdida de peso,ms,Malay,Robbie Williams menyalahkan kemerosotan penglihatannya pada suntikan untuk penurunan berat badan,Robbie Williams menyalahkan kemerosotan penglihatannya pada suntikan penurunan berat badan,True
Robbie Williams culpa el deterioro de su vista a las inyecciones para la pérdida de peso,pl,Polish,Robbie Williams obwinia pogorszenie swojego wzroku za zastrzyki na odchudzanie,Robbie Williams obwinia pogorszenie swojego wzroku za zastrzyki odchudzające,True
Robbie Williams culpa el deterioro de su vista a las inyecciones para la pérdida de peso,pt,Portuguese,Robbie Williams culpa o deterioro da sua visão às injeções para perda de peso,Robbie Williams culpa o deterioro da sua visão às injeções para perda de peso,True
Robbie Williams culpa el deterioro de su vista a las inyecciones para la pérdida de peso,ro,Romanian,Robbie Williams pune deteriorarea vederii sale pe seama injecțiilor pentru pierderea în greutate,Robbie Williams pune deteriorarea vederii sale pe seama injecțiilor pentru slăbit,True
Robbie Williams culpa el deterioro de su vista a las inyecciones para la pérdida de peso,sv,Swedish,Robbie Williams skyller försämringen av sin syn på injektionerna för viktminskning,Robbie Williams skyller försämringen av sin syn på injektioner för viktminskning,True
Robbie Williams culpa el deterioro de su vista a las inyecciones para la pérdida de peso,tl,Tagalog,Isinisisi ni Robbie Williams ang paglala ng kanyang paningin sa mga iniksyon para sa pagbabawas ng timbang,Isinisisi ni Robbie Williams ang paglala ng kanyang paningin sa mga iniksyon para magbawas ng timbang,True
Robbie Williams culpa el deterioro de su vista a las inyecciones para la pérdida de peso,zh-TW,Chinese (Traditional),羅比·威廉斯將視力惡化歸咎於減重注射,羅比·威廉斯將視力惡化歸咎於減重注射,False
Robbie Williams culpa el deterioro de su vista a las inyecciones para la pérdida de peso,th,Thai,ร็อบบี้ วิลเลียมส์โทษว่าการมองเห็นของเขาเสื่อมลงเป็นเพราะการฉีดยาลดน้ำหนัก,ร็อบบี้ วิลเลียมส์โทษว่าการมองเห็นของเขาเสื่อมลงเพราะการฉีดยาลดน้ำหนัก,True
Robbie Williams culpa el deterioro de su vista a las inyecciones para la pérdida de peso,tr,Turkish,"Robbie Williams, görme yetisinin bozulmasından kilo kaybı için yapılan enjeksiyonları sorumlu tutuyor","Robbie Williams, görme yetisinin bozulmasından kilo kaybı için yapılan enjeksiyonları sorumlu tutuyor",True
Robbie Williams culpa el deterioro de su vista a las inyecciones para la pérdida de peso,uk,Ukrainian,Роббі Вільямс пов’язує погіршення зору з ін’єкціями для схуднення,Роббі Вільямс пов’язує погіршення зору з ін’єкціями для схуднення,True
Robbie Williams culpa el deterioro de su vista a las inyecciones para la pérdida de peso,vi,Vietnamese,Robbie Williams đổ lỗi sự suy giảm thị lực của mình cho các mũi tiêm giảm cân,Robbie Williams đổ lỗi sự suy giảm thị lực của mình cho những mũi tiêm giảm cân,True
Scarlett Johansson tiene una cita a ciegas con un una pequeña pitbull,ar,Arabic,سكارليت جوهانسون في موعد أعمى مع جرو بيتبول صغير,سكارليت جوهانسون في موعد أعمى مع جرو بيتبول صغير,True
Scarlett Johansson tiene una cita a ciegas con un una pequeña pitbull,bn,Bengali,স্কারলেট জোহানসন একটি ছোট পিটবুলের সঙ্গে অন্ধ ডেটে যান,স্কারলেট জোহানসন একটি ছোট পিটবুলের সঙ্গে অন্ধ ডেটে গেলেন,True
Scarlett Johansson tiene una cita a ciegas con un una pequeña pitbull,nl,Dutch,Scarlett Johansson heeft een blind date met een kleine pitbull,Scarlett Johansson heeft een blind date met een kleine pitbull,True
Scarlett Johansson tiene una cita a ciegas con un una pequeña pitbull,en,English,Scarlett Johansson has a blind date with a little pit bull,Scarlett Johansson has a blind date with a small pit bull,True
Scarlett Johansson tiene una cita a ciegas con un una pequeña pitbull,fr,French,Scarlett Johansson a un rendez-vous à l’aveugle avec une petite pitbull,Scarlett Johansson a un rendez-vous à l’aveugle avec une petite chienne pitbull,True
Scarlett Johansson tiene una cita a ciegas con un una pequeña pitbull,de,German,Scarlett Johansson hat ein Blind Date mit einer kleinen Pitbull-Hündin,Scarlett Johansson hat ein Blind Date mit einer kleinen Pitbullhündin,True
Scarlett Johansson tiene una cita a ciegas con un una pequeña pitbull,he,Hebrew,סקרלט ג'והנסון יוצאת לדייט עיוור עם פיטבולית קטנה,סקרלט ג'והנסון יוצאת לדייט עיוור עם פיטבולית קטנה,True
Scarlett Johansson tiene una cita a ciegas con un una pequeña pitbull,hi,Hindi,स्कारलेट जोहानसन की एक छोटी पिटबुल के साथ ब्लाइंड डेट है,स्कारलेट जोहानसन की एक छोटी पिटबुल के साथ ब्लाइंड डेट है,True
Scarlett Johansson tiene una cita a ciegas con un una pequeña pitbull,id,Indonesian,Scarlett Johansson punya kencan buta dengan seekor pitbull kecil,Scarlett Johansson punya kencan buta dengan seekor pitbull kecil,True
Scarlett Johansson tiene una cita a ciegas con un una pequeña pitbull,it,Italian,Scarlett Johansson ha un appuntamento al buio con una piccola pitbull,Scarlett Johansson ha un appuntamento al buio con una piccola pitbull,True
Scarlett Johansson tiene una cita a ciegas con un una pequeña pitbull,ja,Japanese,スカーレット・ヨハンソンが小さなピットブルとブラインドデートをする,スカーレット・ヨハンソンが小さなピットブルとブラインドデートする,True
Scarlett Johansson tiene una cita a ciegas con un una pequeña pitbull,ms,Malay,Scarlett Johansson mempunyai janji temu buta dengan seekor pitbull kecil,Scarlett Johansson mempunyai janji temu buta dengan seekor pitbull kecil,True
Scarlett Johansson tiene una cita a ciegas con un una pequeña pitbull,pl,Polish,Scarlett Johansson ma randkę w ciemno z małą pitbulką,Scarlett Johansson ma randkę w ciemno z małą pitbullicą,True
Scarlett Johansson tiene una cita a ciegas con un una pequeña pitbull,pt,Portuguese,Scarlett Johansson tem um encontro às cegas com uma pequena pitbull,Scarlett Johansson tem um encontro às cegas com uma pequena pit bull,True
Scarlett Johansson tiene una cita a ciegas con un una pequeña pitbull,ro,Romanian,Scarlett Johansson are o întâlnire pe nevăzute cu o mică pitbull,Scarlett Johansson are o întâlnire pe nevăzute cu un mic pitbull,True
Scarlett Johansson tiene una cita a ciegas con un una pequeña pitbull,sv,Swedish,Scarlett Johansson har en blinddejt med en liten pitbull,Scarlett Johansson är på blinddejt med en liten pitbull,True
Scarlett Johansson tiene una cita a ciegas con un una pequeña pitbull,tl,Tagalog,May blind date si Scarlett Johansson sa isang maliit na pitbull,May blind date si Scarlett Johansson kasama ang isang maliit na pitbull,True
Scarlett Johansson tiene una cita a ciegas con un una pequeña pitbull,zh-TW,Chinese (Traditional),史嘉蕾·喬韓森和一隻小比特犬相親,史嘉蕾·喬韓森和一隻小比特犬相親,False
Scarlett Johansson tiene una cita a ciegas con un una pequeña pitbull,th,Thai,สการ์เลตต์ โจแฮนส์สัน มีนัดบอดกับพิตบูลตัวน้อย,สการ์เลตต์ โจแฮนส์สัน มีนัดบอดกับพิตบูลตัวเล็ก,True
Scarlett Johansson tiene una cita a ciegas con un una pequeña pitbull,tr,Turkish,Scarlett Johansson küçük bir pitbull ile bir çöpçatanlık randevusuna çıkıyor,Scarlett Johansson küçük bir pitbull ile çöpçatanlık randevusuna çıkıyor,True
Scarlett Johansson tiene una cita a ciegas con un una pequeña pitbull,uk,Ukrainian,Скарлетт Йоганссон має побачення наосліп з маленькою пітбулем,Скарлетт Йоганссон має побачення наосліп з маленьким пітбулем,True
Scarlett Johansson tiene una cita a ciegas con un una pequeña pitbull,vi,Vietnamese,Scarlett Johansson có một buổi hẹn hò giấu mặt với một cô pitbull nhỏ,Scarlett Johansson có một buổi hẹn hò giấu mặt với một cô chó pitbull nhỏ,True
